{"cameraMode":{"drawMode":0,"name":"Shaded","section":"Shading Mode"},"sceneLighting":false,"audioPlay":false,"sceneViewState":{"showFog":false,"showMaterialUpdate":false,"showSkybox":false,"showFlares":false,"showImageEffects":false,"showParticleSystems":false},"in2DMode":false,"pivot":{"x":-3.6889617443084719,"y":-4.01650333404541,"z":10.2434720993042},"rotation":{"x":0.18638192117214204,"y":-0.0580245777964592,"z":0.011027374304831028,"w":0.9807004928588867},"size":21.582073211669923,"orthographic":false}